State,Forecast_Date,Forecast,Best_Model
Alabama,2023-12-10,205977072.0,XGBoost
Alabama,2023-12-17,201312032.0,XGBoost
Alabama,2023-12-24,197179392.0,XGBoost
Alabama,2023-12-31,196225984.0,XGBoost
Alabama,2024-01-07,192265424.0,XGBoost
Alabama,2024-01-14,192490272.0,XGBoost
Alabama,2024-01-21,192566752.0,XGBoost
Alabama,2024-01-28,188760256.0,XGBoost
Arizona,2023-12-10,230551568.0,LSTM
Arizona,2023-12-17,230382816.0,LSTM
Arizona,2023-12-24,229998768.0,LSTM
Arizona,2023-12-31,229448400.0,LSTM
Arizona,2024-01-07,228767936.0,LSTM
Arizona,2024-01-14,227982416.0,LSTM
Arizona,2024-01-21,227108096.0,LSTM
Arizona,2024-01-28,226155248.0,LSTM
Arkansas,2023-01-22,103759140.34244409,Prophet
Arkansas,2023-01-29,104788115.57749443,Prophet
Arkansas,2023-02-05,104773331.50810443,Prophet
Arkansas,2023-02-12,103478285.73412746,Prophet
Arkansas,2023-02-19,102869577.80266741,Prophet
Arkansas,2023-02-26,104916263.76015308,Prophet
Arkansas,2023-03-05,109063376.76134336,Prophet
Arkansas,2023-03-12,112424090.75000204,Prophet
California,2023-12-10,862594112.0,XGBoost
California,2023-12-17,822886272.0,XGBoost
California,2023-12-24,798692672.0,XGBoost
California,2023-12-31,785547712.0,XGBoost
California,2024-01-07,767373760.0,XGBoost
California,2024-01-14,768684992.0,XGBoost
California,2024-01-21,768617088.0,XGBoost
California,2024-01-28,759069504.0,XGBoost
Colorado,2023-12-10,180212528.0,XGBoost
Colorado,2023-12-17,176627840.0,XGBoost
Colorado,2023-12-24,174913968.0,XGBoost
Colorado,2023-12-31,168454512.0,XGBoost
Colorado,2024-01-07,167159968.0,XGBoost
Colorado,2024-01-14,163537888.0,XGBoost
Colorado,2024-01-21,163071472.0,XGBoost
Colorado,2024-01-28,162763328.0,XGBoost
Connecticut,2023-12-10,94424768.0,LSTM
Connecticut,2023-12-17,94556616.0,LSTM
Connecticut,2023-12-24,94638504.0,LSTM
Connecticut,2023-12-31,94683112.0,LSTM
Connecticut,2024-01-07,94699544.0,LSTM
Connecticut,2024-01-14,94693912.0,LSTM
Connecticut,2024-01-21,94670216.0,LSTM
Connecticut,2024-01-28,94630984.0,LSTM
Florida,2023-12-10,822021184.0,LSTM
Florida,2023-12-17,823850240.0,LSTM
Florida,2023-12-24,825145152.0,LSTM
Florida,2023-12-31,826036608.0,LSTM
Florida,2024-01-07,826615552.0,LSTM
Florida,2024-01-14,826939264.0,LSTM
Florida,2024-01-21,827042432.0,LSTM
Florida,2024-01-28,826944256.0,LSTM
Georgia,2023-01-22,368055004.38129526,Prophet
Georgia,2023-01-29,370816293.24189687,Prophet
Georgia,2023-02-05,368858726.78158057,Prophet
Georgia,2023-02-12,363482728.92605263,Prophet
Georgia,2023-02-19,362923401.98863417,Prophet
Georgia,2023-02-26,373258620.6197953,Prophet
Georgia,2023-03-05,390328165.3292141,Prophet
Georgia,2023-03-12,402660472.12915945,Prophet
Illinois,2023-12-10,337253088.0,LSTM
Illinois,2023-12-17,337412288.0,LSTM
Illinois,2023-12-24,337183264.0,LSTM
Illinois,2023-12-31,336674304.0,LSTM
Illinois,2024-01-07,335959072.0,LSTM
Illinois,2024-01-14,335085728.0,LSTM
Illinois,2024-01-21,334084384.0,LSTM
Illinois,2024-01-28,332973344.0,LSTM
Indiana,2023-12-10,232396032.0,LSTM
Indiana,2023-12-17,232468160.0,LSTM
Indiana,2023-12-24,232467616.0,LSTM
Indiana,2023-12-31,232410512.0,LSTM
Indiana,2024-01-07,232309120.0,LSTM
Indiana,2024-01-14,232172112.0,LSTM
Indiana,2024-01-21,232005456.0,LSTM
Indiana,2024-01-28,231813008.0,LSTM
Iowa,2023-12-10,114509616.0,XGBoost
Iowa,2023-12-17,111780440.0,XGBoost
Iowa,2023-12-24,110223112.0,XGBoost
Iowa,2023-12-31,108181808.0,XGBoost
Iowa,2024-01-07,106297112.0,XGBoost
Iowa,2024-01-14,105569184.0,XGBoost
Iowa,2024-01-21,104163424.0,XGBoost
Iowa,2024-01-28,104509368.0,XGBoost
Kansas,2023-01-22,84258455.6271273,Prophet
Kansas,2023-01-29,85461368.61448793,Prophet
Kansas,2023-02-05,85876977.5604345,Prophet
Kansas,2023-02-12,84995793.0413289,Prophet
Kansas,2023-02-19,84294063.2613665,Prophet
Kansas,2023-02-26,85526292.63263376,Prophet
Kansas,2023-03-05,88559080.10527998,Prophet
Kansas,2023-03-12,91295038.33252943,Prophet
Kentucky,2023-12-10,181907440.0,LSTM
Kentucky,2023-12-17,182010432.0,LSTM
Kentucky,2023-12-24,182086032.0,LSTM
Kentucky,2023-12-31,182138352.0,LSTM
Kentucky,2024-01-07,182171264.0,LSTM
Kentucky,2024-01-14,182187968.0,LSTM
Kentucky,2024-01-21,182190928.0,LSTM
Kentucky,2024-01-28,182181888.0,LSTM
Louisiana,2023-12-10,193952192.0,LSTM
Louisiana,2023-12-17,194172672.0,LSTM
Louisiana,2023-12-24,194206704.0,LSTM
Louisiana,2023-12-31,194092720.0,LSTM
Louisiana,2024-01-07,193857584.0,LSTM
Louisiana,2024-01-14,193520640.0,LSTM
Louisiana,2024-01-21,193095264.0,LSTM
Louisiana,2024-01-28,192590400.0,LSTM
Maine,2023-12-10,48544100.0,LSTM
Maine,2023-12-17,48559744.0,LSTM
Maine,2023-12-24,48555272.0,LSTM
Maine,2023-12-31,48536728.0,LSTM
Maine,2024-01-07,48508256.0,LSTM
Maine,2024-01-14,48472688.0,LSTM
Maine,2024-01-21,48431868.0,LSTM
Maine,2024-01-28,48387012.0,LSTM
Maryland,2023-12-10,175159952.0,LSTM
Maryland,2023-12-17,175592336.0,LSTM
Maryland,2023-12-24,176023472.0,LSTM
Maryland,2023-12-31,176451648.0,LSTM
Maryland,2024-01-07,176875440.0,LSTM
Maryland,2024-01-14,177293728.0,LSTM
Maryland,2024-01-21,177705648.0,LSTM
Maryland,2024-01-28,178110608.0,LSTM
Massachusetts,2023-12-10,183253488.0,XGBoost
Massachusetts,2023-12-17,178061920.0,XGBoost
Massachusetts,2023-12-24,177535824.0,XGBoost
Massachusetts,2023-12-31,173774912.0,XGBoost
Massachusetts,2024-01-07,168671632.0,XGBoost
Massachusetts,2024-01-14,170069200.0,XGBoost
Massachusetts,2024-01-21,169173632.0,XGBoost
Massachusetts,2024-01-28,169594096.0,XGBoost
Michigan,2023-12-10,294229248.0,XGBoost
Michigan,2023-12-17,294640768.0,XGBoost
Michigan,2023-12-24,294575264.0,XGBoost
Michigan,2023-12-31,292534816.0,XGBoost
Michigan,2024-01-07,282100192.0,XGBoost
Michigan,2024-01-14,274496512.0,XGBoost
Michigan,2024-01-21,271072512.0,XGBoost
Michigan,2024-01-28,270471776.0,XGBoost
Minnesota,2023-12-10,156010960.0,XGBoost
Minnesota,2023-12-17,157212272.0,XGBoost
Minnesota,2023-12-24,157105072.0,XGBoost
Minnesota,2023-12-31,155973200.0,XGBoost
Minnesota,2024-01-07,153929952.0,XGBoost
Minnesota,2024-01-14,150624288.0,XGBoost
Minnesota,2024-01-21,148383168.0,XGBoost
Minnesota,2024-01-28,144393152.0,XGBoost
Mississippi,2023-12-10,126611208.0,XGBoost
Mississippi,2023-12-17,123674432.0,XGBoost
Mississippi,2023-12-24,119809184.0,XGBoost
Mississippi,2023-12-31,120417816.0,XGBoost
Mississippi,2024-01-07,114057616.0,XGBoost
Mississippi,2024-01-14,113951656.0,XGBoost
Mississippi,2024-01-21,113213312.0,XGBoost
Mississippi,2024-01-28,113068176.0,XGBoost
Missouri,2023-12-10,186972880.0,XGBoost
Missouri,2023-12-17,185828768.0,XGBoost
Missouri,2023-12-24,185967072.0,XGBoost
Missouri,2023-12-31,185160416.0,XGBoost
Missouri,2024-01-07,178328192.0,XGBoost
Missouri,2024-01-14,177352768.0,XGBoost
Missouri,2024-01-21,176739136.0,XGBoost
Missouri,2024-01-28,174633072.0,XGBoost
Nebraska,2023-12-10,60930368.0,XGBoost
Nebraska,2023-12-17,59431604.0,XGBoost
Nebraska,2023-12-24,58821584.0,XGBoost
Nebraska,2023-12-31,58687740.0,XGBoost
Nebraska,2024-01-07,55927960.0,XGBoost
Nebraska,2024-01-14,55342204.0,XGBoost
Nebraska,2024-01-21,55360272.0,XGBoost
Nebraska,2024-01-28,55183660.0,XGBoost
Nevada,2023-12-10,108046368.0,LSTM
Nevada,2023-12-17,108041672.0,LSTM
Nevada,2023-12-24,108007584.0,LSTM
Nevada,2023-12-31,107951016.0,LSTM
Nevada,2024-01-07,107877464.0,LSTM
Nevada,2024-01-14,107790896.0,LSTM
Nevada,2024-01-21,107694056.0,LSTM
Nevada,2024-01-28,107588640.0,LSTM
New Hampshire,2023-12-10,55840180.0,XGBoost
New Hampshire,2023-12-17,54999244.0,XGBoost
New Hampshire,2023-12-24,54910824.0,XGBoost
New Hampshire,2023-12-31,54642360.0,XGBoost
New Hampshire,2024-01-07,52639000.0,XGBoost
New Hampshire,2024-01-14,51933604.0,XGBoost
New Hampshire,2024-01-21,50705060.0,XGBoost
New Hampshire,2024-01-28,50654496.0,XGBoost
New Mexico,2023-01-22,67577885.57125938,Prophet
New Mexico,2023-01-29,68442536.7817466,Prophet
New Mexico,2023-02-05,68075803.26644212,Prophet
New Mexico,2023-02-12,66893703.33866768,Prophet
New Mexico,2023-02-19,66599041.12152136,Prophet
New Mexico,2023-02-26,68312109.98748407,Prophet
New Mexico,2023-03-05,71219812.73779581,Prophet
New Mexico,2023-03-12,73291897.47148602,Prophet
New York,2023-12-10,453228576.0,LSTM
New York,2023-12-17,453552608.0,LSTM
New York,2023-12-24,453364064.0,LSTM
New York,2023-12-31,452796736.0,LSTM
New York,2024-01-07,451954304.0,LSTM
New York,2024-01-14,450914272.0,LSTM
New York,2024-01-21,449731680.0,LSTM
New York,2024-01-28,448443488.0,LSTM
North Carolina,2023-12-10,376807328.0,LSTM
North Carolina,2023-12-17,376796416.0,LSTM
North Carolina,2023-12-24,376535584.0,LSTM
North Carolina,2023-12-31,376083072.0,LSTM
North Carolina,2024-01-07,375487936.0,LSTM
North Carolina,2024-01-14,374787648.0,LSTM
North Carolina,2024-01-21,374010688.0,LSTM
North Carolina,2024-01-28,373178112.0,LSTM
Ohio,2023-12-10,398571744.0,LSTM
Ohio,2023-12-17,399137984.0,LSTM
Ohio,2023-12-24,399778336.0,LSTM
Ohio,2023-12-31,400471168.0,LSTM
Ohio,2024-01-07,401199168.0,LSTM
Ohio,2024-01-14,401949408.0,LSTM
Ohio,2024-01-21,402712384.0,LSTM
Ohio,2024-01-28,403481760.0,LSTM
Oklahoma,2023-12-10,146426640.0,XGBoost
Oklahoma,2023-12-17,142523952.0,XGBoost
Oklahoma,2023-12-24,139373984.0,XGBoost
Oklahoma,2023-12-31,133210208.0,XGBoost
Oklahoma,2024-01-07,133383456.0,XGBoost
Oklahoma,2024-01-14,134417312.0,XGBoost
Oklahoma,2024-01-21,135013440.0,XGBoost
Oklahoma,2024-01-28,133338288.0,XGBoost
Oregon,2023-12-10,116682072.0,LSTM
Oregon,2023-12-17,116554920.0,LSTM
Oregon,2023-12-24,116400208.0,LSTM
Oregon,2023-12-31,116223560.0,LSTM
Oregon,2024-01-07,116030312.0,LSTM
Oregon,2024-01-14,115824984.0,LSTM
Oregon,2024-01-21,115610928.0,LSTM
Oregon,2024-01-28,115390480.0,LSTM
Pennsylvania,2023-12-10,377904224.0,LSTM
Pennsylvania,2023-12-17,378173600.0,LSTM
Pennsylvania,2023-12-24,378196704.0,LSTM
Pennsylvania,2023-12-31,378034496.0,LSTM
Pennsylvania,2024-01-07,377728768.0,LSTM
Pennsylvania,2024-01-14,377307328.0,LSTM
Pennsylvania,2024-01-21,376787808.0,LSTM
Pennsylvania,2024-01-28,376180640.0,LSTM
Rhode Island,2023-12-10,27391322.0,LSTM
Rhode Island,2023-12-17,27429044.0,LSTM
Rhode Island,2023-12-24,27476682.0,LSTM
Rhode Island,2023-12-31,27531140.0,LSTM
Rhode Island,2024-01-07,27590266.0,LSTM
Rhode Island,2024-01-14,27652650.0,LSTM
Rhode Island,2024-01-21,27717396.0,LSTM
Rhode Island,2024-01-28,27783934.0,LSTM
South Carolina,2023-12-10,196031088.0,XGBoost
South Carolina,2023-12-17,188393504.0,XGBoost
South Carolina,2023-12-24,183012832.0,XGBoost
South Carolina,2023-12-31,180376576.0,XGBoost
South Carolina,2024-01-07,180945728.0,XGBoost
South Carolina,2024-01-14,180991536.0,XGBoost
South Carolina,2024-01-21,180531008.0,XGBoost
South Carolina,2024-01-28,179846400.0,XGBoost
South Dakota,2023-12-10,29124058.0,XGBoost
South Dakota,2023-12-17,29147680.0,XGBoost
South Dakota,2023-12-24,29083718.0,XGBoost
South Dakota,2023-12-31,28856018.0,XGBoost
South Dakota,2024-01-07,30246058.0,XGBoost
South Dakota,2024-01-14,30464368.0,XGBoost
South Dakota,2024-01-21,30412910.0,XGBoost
South Dakota,2024-01-28,30616204.0,XGBoost
Tennessee,2023-12-10,271630432.0,LSTM
Tennessee,2023-12-17,271771232.0,LSTM
Tennessee,2023-12-24,271877952.0,LSTM
Tennessee,2023-12-31,271957760.0,LSTM
Tennessee,2024-01-07,272015456.0,LSTM
Tennessee,2024-01-14,272054432.0,LSTM
Tennessee,2024-01-21,272076864.0,LSTM
Tennessee,2024-01-28,272084064.0,LSTM
Texas,2023-12-10,962452096.0,LSTM
Texas,2023-12-17,963689152.0,LSTM
Texas,2023-12-24,964683648.0,LSTM
Texas,2023-12-31,965482816.0,LSTM
Texas,2024-01-07,966124672.0,LSTM
Texas,2024-01-14,966638784.0,LSTM
Texas,2024-01-21,967046720.0,LSTM
Texas,2024-01-28,967364032.0,LSTM
Utah,2023-12-10,89345664.0,LSTM
Utah,2023-12-17,89431288.0,LSTM
Utah,2023-12-24,89541600.0,LSTM
Utah,2023-12-31,89669336.0,LSTM
Utah,2024-01-07,89809000.0,LSTM
Utah,2024-01-14,89956784.0,LSTM
Utah,2024-01-21,90110240.0,LSTM
Utah,2024-01-28,90267848.0,LSTM
Vermont,2023-12-10,18153896.0,LSTM
Vermont,2023-12-17,18129716.0,LSTM
Vermont,2023-12-24,18088706.0,LSTM
Vermont,2023-12-31,18037236.0,LSTM
Vermont,2024-01-07,17979432.0,LSTM
Vermont,2024-01-14,17917832.0,LSTM
Vermont,2024-01-21,17853960.0,LSTM
Vermont,2024-01-28,17788684.0,LSTM
Virginia,2023-01-22,273982857.9756979,Prophet
Virginia,2023-01-29,276827173.570694,Prophet
Virginia,2023-02-05,276378593.2378898,Prophet
Virginia,2023-02-12,272983499.6916495,Prophet
Virginia,2023-02-19,272356958.321133,Prophet
Virginia,2023-02-26,279299580.6776971,Prophet
Virginia,2023-03-05,291553560.5373633,Prophet
Virginia,2023-03-12,301155899.2523139,Prophet
Washington,2023-01-22,178851406.44580388,Prophet
Washington,2023-01-29,181411355.23315865,Prophet
Washington,2023-02-05,179814563.84259796,Prophet
Washington,2023-02-12,175552076.43923086,Prophet
Washington,2023-02-19,174155052.48653853,Prophet
Washington,2023-02-26,178880445.57387066,Prophet
Washington,2023-03-05,186708921.52065995,Prophet
Washington,2023-03-12,191438592.60951197,Prophet
West Virginia,2023-12-10,77111496.0,LSTM
West Virginia,2023-12-17,77107864.0,LSTM
West Virginia,2023-12-24,77052440.0,LSTM
West Virginia,2023-12-31,76957584.0,LSTM
West Virginia,2024-01-07,76832528.0,LSTM
West Virginia,2024-01-14,76683736.0,LSTM
West Virginia,2024-01-21,76515528.0,LSTM
West Virginia,2024-01-28,76330736.0,LSTM
Wisconsin,2023-12-10,164224336.0,LSTM
Wisconsin,2023-12-17,164375168.0,LSTM
Wisconsin,2023-12-24,164628016.0,LSTM
Wisconsin,2023-12-31,164958960.0,LSTM
Wisconsin,2024-01-07,165350208.0,LSTM
Wisconsin,2024-01-14,165788896.0,LSTM
Wisconsin,2024-01-21,166265904.0,LSTM
Wisconsin,2024-01-28,166774848.0,LSTM
Wyoming,2023-12-10,22033202.0,LSTM
Wyoming,2023-12-17,22025410.0,LSTM
Wyoming,2023-12-24,22022390.0,LSTM
Wyoming,2023-12-31,22022596.0,LSTM
Wyoming,2024-01-07,22024988.0,LSTM
Wyoming,2024-01-14,22028906.0,LSTM
Wyoming,2024-01-21,22033954.0,LSTM
Wyoming,2024-01-28,22039906.0,LSTM
